SECTION,POP,SPECIES,RICHNESS,ALT,X,Y,DBH,CHLOROPHYLL,PH,SLA,THICKNESS,WATER,STOM DENSITY,STOM LENGTH,TANNINS,Ct,Nt,Pt,C:N,C:P,N:P,bio_1,bio_2,bio_3,bio_4,bio_5,bio_6,bio_7,bio_8,bio_9,bio_10,bio_11,bio_12,bio_13,bio_14,bio_15,bio_16,bio_17,bio_18,bio_19,FID,SITE,SPECIES,X,Y,aet_1,aet_2,aet_3,aet_4,aet_5,aet_6,aet_7,aet_8,aet_9,aet_10,aet_11,aet_12,aet_yr,alpha,swc_fr_1,swc_fr_2,swc_fr_3,swc_fr_4,swc_fr_5,swc_fr_6,swc_fr_7,swc_fr_8,swc_fr_9,swc_fr_10,swc_fr_11,swc_fr_12
Lobatae,UME,Q. castanea,2,2120,-101.262,19.54932,37.30583142,45.23,5.11,61.001,0.237,33.28,365.294,15.766,98.356,413.735,45.244,2.371,9.145,174.48,19.08,16.99157,15.8448,66.56013,195.46143,28.29128,4.28941,22.88854,17.33785,16.83071,18.95764,14.20498,941.04919,209.05446,6.42651,97.0428,571.6662,31.96534,230.7084,39.19841,35,UME, castanea,-101.26199,19.54932,51,44,44,36,38,57,89,112,115,109,79,59,833,53,52,42,31,22,20,35,60,81,94,94,80,64
Quercus,UME,Q. obtusata,2,2120,-101.2612,19.549308,41.47568118,46.93,5.41,69.139,0.087,39.948,888.095,14.87,116.803,458.707,39.923,2.424,11.49,189.255,16.471,16.99157,15.8448,66.56013,195.46143,28.29128,4.28941,22.88854,17.33785,16.83071,18.95764,14.20498,941.04919,209.05446,6.42651,97.0428,571.6662,31.96534,230.7084,39.19841,36,UME, obtusata,-101.261208,19.549308,51,44,44,36,38,57,89,112,115,109,79,59,833,53,52,42,31,22,20,35,60,81,94,94,80,64
Lobatae,ATE,Q. castanea,3,2270,-101.1997,19.61827,29.57091928,47.25,4.65,73.757,0.125,38.798,349.245,18.552,150.858,442.463,26.944,1.271,16.421,348.122,21.199,15.73648,15.10199,66.71093,181.90463,27.4489,4.44659,22.81146,16.29776,14.96421,18.04939,13.23486,1022.97375,222.2934,7.55556,97.29178,624.08447,34.56879,241.6563,44.34501,24,ATE, castanea,-101.1997,19.61827,52,46,47,40,41,59,92,119,112,104,78,59,849,58,57,47,36,26,24,39,67,91,100,96,84,69
Quercus,ATE,Q. obtusata,3,2120,-101.2003,19.618767,19.20465156,44,5.05,91.245,0.099,41.471,670.668,17.706,61.171,423.79,49.698,2.783,8.527,152.305,17.861,15.73648,15.10199,66.71093,181.90463,27.4489,4.44659,22.81146,16.29776,14.96421,18.04939,13.23486,1022.97375,222.2934,7.55556,97.29178,624.08447,34.56879,241.6563,44.34501,25,ATE, obtusata,-101.200262,19.618767,52,46,47,40,41,58,90,117,113,104,78,59,845,57,56,46,35,26,23,38,65,88,99,95,83,67
Quercus,ATE,Q. deserticola,3,2120,-101.2004,19.618761,21.43281555,47.79,4.28,91.616,0.121,36.842,628.642,17.785,101.797,433.443,59.855,3.41,7.242,127.109,17.553,15.73648,15.10199,66.71093,181.90463,27.4489,4.44659,22.81146,16.29776,14.96421,18.04939,13.23486,1022.97375,222.2934,7.55556,97.29178,624.08447,34.56879,241.6563,44.34501,26,ATE, desert’cola,-101.200361,19.618761,52,46,47,40,41,58,90,117,113,104,78,59,845,57,56,46,35,26,23,38,65,88,99,95,83,67
Lobatae,REM,Q. calophylla,5,2590,-101.34,19.619122,64.71224854,49.34,5.3,82.762,0.117,39.535,533.815,17.413,83.808,481.213,46.073,2.975,10.445,161.752,15.487,13.90051,15.00214,67.34956,182.27719,24.14696,1.99558,22.06537,14.30906,12.75413,15.90593,11.29227,1170.979,259.88904,8.63833,98.57998,719.59259,38.83516,269.31598,51.15572,27,REM, calophylla,-101.340027,19.619122,54,48,50,43,44,63,101,121,107,101,78,60,870,62,61,51,39,30,27,44,77,97,100,97,87,73
Quercus,REM,Q. obtusata,5,2590,-101.3404,19.619136,39.15202445,44.7,4.95,74.17,0.129,37.246,899.477,14.466,174.364,465.726,55.654,3.538,8.368,131.654,15.733,13.90051,15.00214,67.34956,182.27719,24.14696,1.99558,22.06537,14.30906,12.75413,15.90593,11.29227,1170.979,259.88904,8.63833,98.57998,719.59259,38.83516,269.31598,51.15572,28,REM, obtusata,-101.340357,19.619136,54,48,50,43,44,63,101,121,107,101,78,60,870,62,61,51,39,30,27,44,77,97,100,97,87,73
Lobatae,REM,Q. crassipes,5,2590,-101.3411,19.61955,74.17366947,53.86,5.82,70.147,0.118,36.888,365.686,21.251,72.251,499.399,46.463,3.293,10.748,151.678,14.112,13.90051,15.00214,67.34956,182.27719,24.14696,1.99558,22.06537,14.30906,12.75413,15.90593,11.29227,1170.979,259.88904,8.63833,98.57998,719.59259,38.83516,269.31598,51.15572,29,REM, crassipes,-101.341134,19.61955,54,48,50,43,44,63,101,121,107,101,78,60,870,62,61,51,39,30,27,44,77,97,100,97,87,73
Lobatae,REM,Q. castanea,5,2590,-101.3399,19.618805,36.89202954,46.65,5.52,65.81,0.104,31.514,373.559,16.799,100.135,464.539,46.861,2.808,9.913,165.464,16.691,13.90051,15.00214,67.34956,182.27719,24.14696,1.99558,22.06537,14.30906,12.75413,15.90593,11.29227,1170.979,259.88904,8.63833,98.57998,719.59259,38.83516,269.31598,51.15572,30,REM, castanea,-101.339871,19.618805,54,48,50,43,44,63,101,121,107,101,78,60,870,62,61,51,39,30,27,44,77,97,100,97,87,73
Quercus,REM,Q. deserticola,5,2590,-101.3343,19.616541,24.63712758,44.67,5.41,80.122,0.171,24.658,683.801,17.529,113.24,462.051,53.215,3.363,8.683,137.413,15.826,13.80104,15.05659,67.2896,182.17897,24.16437,1.92974,22.15028,14.33284,12.74306,14.92044,11.07274,1185.32581,263.1037,8.69256,97.64911,729.77863,39.87911,272.62512,51.0342,31,REM,deserticola,-101.334287,19.616541,54,47,50,42,43,62,100,124,109,102,78,60,871,61,60,50,38,28,26,42,75,96,100,97,86,71
Quercus,NOB,Q. glaucoides,1,1992,-101.2947,19.656323,31.83091418,40.46,5.74,100.339,0.137,42.414,516.28,18.083,131.379,444.644,53.078,3.641,8.377,122.113,14.577,17.50731,15.88633,65.45771,210.95363,29.22896,4.26526,23.8584,18.33896,16.89445,19.9989,14.55287,798.92902,179.88974,6.49808,98.67704,489.27045,29.46088,197.19434,31.92261,13,NOB, glaucoides,-101.2947,19.656323,42,36,36,29,31,48,75,98,99,92,65,49,700,43,41,33,24,18,17,28,50,68,79,77,64,51
Quercus,IRA,Q. obtusata,3,2390,-101.3927,19.637225,25.71937866,44.88,5.43,66.416,0.152,35.763,812.798,16.037,139.693,443.95,46.431,3.145,9.561,141.161,14.764,15.20347,15.40194,66.41768,196.39459,26.91629,3.13472,22.70259,16.13645,14.70863,16.80193,12.4524,1015.28949,224.14642,7.39966,98.08684,621.69238,32.38572,238.36264,45.33574,14,IRA, obtusata,-101.392656,19.637225,52,45,46,39,39,58,92,121,114,104,77,59,846,57,55,45,34,25,22,37,66,90,100,95,82,67
Lobatae,IRA,Q. castanea,3,2390,-101.393,19.63729,50.65752766,48.25,4.89,61.087,0.194,30.117,336.347,16.939,82.838,455.825,48.578,2.85,9.383,159.939,17.045,15.20347,15.40194,66.41768,196.39459,26.91629,3.13472,22.70259,16.13645,14.70863,16.80193,12.4524,1015.28949,224.14642,7.39966,98.08684,621.69238,32.38572,238.36264,45.33574,15,IRA, castanea,-101.392964,19.63729,52,45,46,39,39,58,92,121,114,104,77,59,846,57,55,45,34,25,22,37,66,90,100,95,82,67
Lobatae,IRA,Q. calophylla,3,2390,-101.3926,19.636998,30.02716238,52.75,6.16,70.745,0.084,39.384,542.005,16.024,49.571,425.284,49.545,2.889,8.584,147.221,17.151,15.20347,15.40194,66.41768,196.39459,26.91629,3.13472,22.70259,16.13645,14.70863,16.80193,12.4524,1015.28949,224.14642,7.39966,98.08684,621.69238,32.38572,238.36264,45.33574,16,IRA, calophylla,-101.392636,19.636998,52,45,46,39,39,58,92,121,114,104,77,59,846,57,55,45,34,25,22,37,66,90,100,95,82,67
Quercus,CBU,Q. rugosa,2,3100,-101.508,19.434723,29.11657754,46.62,5.14,63.458,0.167,40.244,682.925,15.075,115.304,481.729,30.935,2.193,15.572,219.717,14.109,10.50864,13.47158,68.2038,147.54842,20.02175,0.63352,19.39608,11.21189,9.76128,11.79514,8.26196,1383.27356,296.93826,10.142,94.53182,825.76501,50.06841,318.18677,66.6695,38,CBU, rugosa,-101.507968,19.434723,55,50,54,47,49,67,107,109,96,94,76,61,865,69,69,59,47,36,34,54,85,100,100,100,93,80
Lobatae,SJT,Q. castanea,2,2200,-101.1155,19.651187,9.581105169,48.11,4.99,72.558,0.098,38.134,332.999,19.45,105.88,506.901,38.453,1.774,13.183,285.779,21.679,16.97717,15.11749,64.66496,192.31551,29.5521,5.53165,22.85146,16.18633,16.97883,19.04571,14.62098,866.07202,190.47821,7.67184,97.63831,535.49121,32.36473,205.25499,36.45617,17,SJT, castanea,-101.1155,19.651187,46,39,39,34,35,49,75,96,100,96,69,52,730,47,47,38,28,21,19,30,52,70,84,84,71,57
Quercus,SJT,Q. obtusata,2,2200,-101.1154,19.651219,10.82251082,46.66,5.58,87.584,0.126,39.531,822.429,15.874,104.395,438.697,44.426,2.039,9.875,215.179,21.791,16.97717,15.11749,64.66496,192.31551,29.5521,5.53165,22.85146,16.18633,16.97883,19.04571,14.62098,866.07202,190.47821,7.67184,97.63831,535.49121,32.36473,205.25499,36.45617,18,SJT, obtusata,-101.115427,19.651219,46,39,39,34,35,49,75,96,100,96,69,52,730,47,47,38,28,21,19,30,52,70,84,84,71,57
Quercus,SMM,Q. obtusata,3,2310,-101.1478,19.607332,20.53093965,44.41,5.72,75.993,0.166,33.912,691.973,16.352,152.013,449.863,46.758,2.419,9.621,185.99,19.331,15.29656,15.18094,66.8374,180.52313,26.46072,3.26656,22.02832,15.16504,14.84855,16.94423,12.78124,1097.29102,241.46736,8.50876,98.32265,676.10663,36.74232,257.71237,46.22134,32,SMM, obtusata,-101.147835,19.607332,52,46,47,40,41,59,92,119,113,104,78,60,851,58,57,47,35,26,24,39,67,90,100,96,83,68
Lobatae,SMM,Q. castanea,3,2310,-101.1477,19.607538,22.02699262,47.79,5.81,63.072,0.187,29.455,364.665,16.018,88.597,491.183,32.145,1.595,15.28,307.952,20.154,15.29656,15.18094,66.8374,180.52313,26.46072,3.26656,22.02832,15.16504,14.84855,16.94423,12.78124,1097.29102,241.46736,8.50876,98.32265,676.10663,36.74232,257.71237,46.22134,33,SMM, castanea,-101.147735,19.607538,52,46,47,40,41,59,92,119,113,104,78,60,851,58,57,47,35,26,24,39,67,90,100,96,83,68
Lobatae,SMM,Q. calophylla,3,2310,-101.146,19.608734,25.46473135,47.42,6.12,72.704,0.127,36.309,424.275,20.484,78.179,426.926,41.224,1.383,10.356,308.807,29.818,15.90365,15.43317,65.97774,186.67813,27.43139,4.06882,23.20319,16.10702,15.74037,17.86251,13.2734,1022.37579,224.65155,7.37397,98.93572,633.89929,33.00133,239.67911,41.29697,34,SMM, calophylla,-101.146,19.608734,51,44,45,39,40,56,86,111,115,105,78,59,829,55,55,44,33,25,22,36,62,84,96,95,81,66
Lobatae,CHI,Q. crassipes,3,2440,-101.2699,19.754739,60.54807741,52.16,5.55,56.46,0.182,33.25,405.086,20.146,148.667,489.357,39.945,2.716,12.251,180.159,14.706,15.03813,15.06503,65.70284,187.32233,26.28154,3.40369,22.71795,15.20056,14.90771,16.93266,12.37657,1030.86316,231.43343,7.44822,97.43996,633.46979,36.80632,242.35776,47.006,5,CHI, crassipes,-101.269915,19.754739,51,44,46,39,40,57,90,118,112,102,76,58,833,57,56,46,35,26,24,38,66,90,100,95,82,67
Lobatae,CHI,Q. castanea,3,2440,-101.27,19.754817,52.48917749,48.14,5.76,58.675,0.173,31.437,358.244,18.303,97.419,480.378,37.671,2.356,12.752,203.874,15.988,15.03813,15.06503,65.70284,187.32233,26.28154,3.40369,22.71795,15.20056,14.90771,16.93266,12.37657,1030.86316,231.43343,7.44822,97.43996,633.46979,36.80632,242.35776,47.006,6,CHI, castanea,-101.269977,19.754817,51,44,46,39,40,57,90,118,112,102,76,58,833,57,56,46,35,26,24,38,66,90,100,95,82,67
Quercus,CHI,Q. obtusata,3,2440,-101.2731,19.755978,29.50725745,47.71,5.71,68.952,0.181,38.907,775.15,16.981,96.011,461.927,44.821,3.226,10.306,143.178,13.893,15.03139,15.05766,66.68778,184.90112,26.2593,3.37573,22.68957,15.19163,14.905,16.92336,12.45354,1024.18872,229.47501,7.44262,98.46729,629.42145,35.79018,239.11171,46.88618,7,CHI, obtusata,-101.273124,19.755978,51,44,46,39,40,57,90,118,112,102,76,58,833,57,56,46,35,26,24,38,66,90,100,95,82,67
Lobatae,BSJ,Q. castanea,3,2231,-101.62,19.718539,32.5311943,47.45,5.93,71.226,0.104,36.005,377.814,18.082,92.221,472.682,27.919,1.275,16.931,370.731,21.897,15.59948,16.24997,66.8092,204.60501,26.97139,2.50556,23.46578,16.04399,14.76309,17.77165,12.70022,931.88245,218.60486,6.21079,101.56248,585.30896,26.38051,212.2406,41.13993,9,BSJ, castanea,-101.619955,19.718539,50,43,43,34,34,53,87,119,119,106,76,57,821,53,51,41,30,22,19,32,60,86,98,93,78,62
Quercus,BSJ,Q. obtusata,3,2231,-101.6204,19.717985,42.01680672,45.58,5.91,83.057,0.101,36.773,815.717,16.223,129.84,451.774,38.398,2.821,11.766,160.133,13.61,15.59948,16.24997,66.8092,204.60501,26.97139,2.50556,23.46578,16.04399,14.76309,17.77165,12.70022,931.88245,218.60486,6.21079,101.56248,585.30896,26.38051,212.2406,41.13993,10,BSJ, obtusata,-101.62035,19.717985,50,43,43,34,34,53,87,119,119,106,76,57,821,53,51,41,30,22,19,32,60,86,98,93,78,62
Lobatae,BSJ,Q. calophylla,3,2231,-101.6001,19.708192,22.95008913,44.95,5.93,78.903,0.09,39.855,478.048,20.32,64.811,465.965,43.475,2.466,10.718,188.937,17.628,15.11806,15.88769,66.92781,197.12856,25.99529,2.54227,23.45319,16.04944,13.7759,16.78186,12.33369,988.71423,228.6694,6.20007,101.68217,621.82983,27.275,221.80997,43.0467,11,BSJ, calophylla,-101.600118,19.708192,50,43,43,34,34,54,87,118,119,106,77,57,822,53,51,41,30,22,19,33,60,86,98,93,78,62
Lobatae,SJR,Q. castanea,3,2080,-100.7764,19.870409,16.99770817,51.6,5.7,71.054,0.158,33.743,385.532,16.807,119.564,463.32,38.449,1.583,12.05,292.777,24.296,16.6725,15.07498,64.57742,215.58643,28.48129,4.82443,23.08774,16.85275,15.87515,18.93117,13.69688,816.19611,196.1089,5.78509,102.03483,515.49658,25.24233,186.87402,34.68892,1,SJR, castanea,-100.776397,19.870409,40,35,36,29,30,45,74,98,97,88,62,46,680,43,41,34,25,18,17,27,49,68,78,76,62,50
Quercus,SJR,Q. obtusata,3,2080,-100.7765,19.870447,14.00560224,41.5,5.48,76.093,0.135,36.965,699.269,16.739,226.324,481.305,41.84,1.911,11.503,251.827,21.891,16.6725,15.07498,64.57742,215.58643,28.48129,4.82443,23.08774,16.85275,15.87515,18.93117,13.69688,816.19611,196.1089,5.78509,102.03483,515.49658,25.24233,186.87402,34.68892,2,SJR, obtusata,-100.776481,19.870447,40,35,36,29,30,45,74,98,97,88,62,46,680,43,41,34,25,18,17,27,49,68,78,76,62,50
Quercus,COR,Q. glaucoides,2,1943,-100.868,19.894914,20.46727782,41.04,5.35,96.037,0.113,40.027,538.752,17.852,166.976,465.621,46.71,3.283,9.968,141.85,14.23,17.82193,16.22336,65.67907,226.70811,30.27106,4.6663,24.30635,18.9928,16.86915,19.96459,14.79305,720.16016,176.56142,5.32906,105.74081,471.35907,20.20395,161.70381,27.05461,3,COR, glaucoides,-100.868014,19.894914,35,30,29,23,25,40,67,91,91,81,56,41,609,36,34,27,20,14,13,22,42,60,69,66,53,41
Lobatae,COR,Q. castanea,2,1943,-100.868,19.894815,21.86783804,45.35,4.9,61.075,0.259,35.748,358.478,18.972,172.204,497.903,39.206,2.179,12.7,228.527,17.995,17.82193,16.22336,65.67907,226.70811,30.27106,4.6663,24.30635,18.9928,16.86915,19.96459,14.79305,720.16016,176.56142,5.32906,105.74081,471.35907,20.20395,161.70381,27.05461,4,COR, castanea,-100.868001,19.894815,35,30,29,23,25,40,67,91,91,81,56,41,609,36,34,27,20,14,13,22,42,60,69,66,53,41
Quercus,CAG,Q. obtusata,5,2480,-101.3484,19.634111,19.41685765,44.01,5.41,81.538,0.124,40.594,877.253,15.008,154.414,454.787,52.46,2.879,8.669,157.981,18.223,14.17208,15.03174,66.43027,185.6051,25.07902,2.08706,21.9111,14.24135,13.75382,15.87325,11.39756,1143.28516,253.13014,8.53802,97.46492,701.07581,38.61341,264.58481,50.18818,19,CAG, obtusata,-101.348385,19.634111,52,46,47,39,40,58,92,121,113,104,77,59,848,57,56,46,35,26,23,38,67,91,100,95,83,68
Quercus,CAG,Q. rugosa,5,2480,-101.3483,19.634427,13.11433664,47.07,5.41,52.919,0.208,33.064,579.12,16.687,95.704,492.226,42.939,2.54,11.463,193.79,16.905,14.17208,15.03174,66.43027,185.6051,25.07902,2.08706,21.9111,14.24135,13.75382,15.87325,11.39756,1143.28516,253.13014,8.53802,97.46492,701.07581,38.61341,264.58481,50.18818,20,CAG, rugosa,-101.348333,19.634427,52,46,47,39,40,58,92,121,113,104,77,59,848,57,56,46,35,26,23,38,67,91,100,95,83,68
Lobatae,CAG,Q. calophylla,5,2480,-101.3484,19.634039,21.46313071,50.53,5.87,67.889,0.108,37.09,644.985,17.686,74.331,433.332,43.648,2.284,9.928,189.746,19.112,14.17208,15.03174,66.43027,185.6051,25.07902,2.08706,21.9111,14.24135,13.75382,15.87325,11.39756,1143.28516,253.13014,8.53802,97.46492,701.07581,38.61341,264.58481,50.18818,21,CAG, calophylla,-101.348415,19.634039,52,46,47,39,40,58,92,121,113,104,77,59,848,57,56,46,35,26,23,38,67,91,100,95,83,68
Quercus,CAG,Q. deserticola,5,2480,-101.3501,19.636502,19.38502674,49.88,5.41,62.798,0.217,37.62,602.239,17.822,142.693,446.484,52.543,2.575,8.498,173.392,20.405,14.17208,15.03174,66.43027,185.6051,25.07902,2.08706,21.9111,14.24135,13.75382,15.87325,11.39756,1143.28516,253.13014,8.53802,97.46492,701.07581,38.61341,264.58481,50.18818,22,CAG, deserticola,-101.350079,19.636502,53,47,49,42,43,62,99,123,109,102,78,60,867,61,60,50,38,29,26,42,75,96,100,97,86,71
Lobatae,CAG,Q. castanea,5,2480,-101.3484,19.63413,18.90756303,45.31,5.6,72.196,0.131,32.929,399.832,18.5,115.966,445.115,48.233,2.446,9.229,181.958,19.717,14.17208,15.03174,66.43027,185.6051,25.07902,2.08706,21.9111,14.24135,13.75382,15.87325,11.39756,1143.28516,253.13014,8.53802,97.46492,701.07581,38.61341,264.58481,50.18818,23,CAG, castanea,-101.348367,19.63413,52,46,47,39,40,58,92,121,113,104,77,59,848,57,56,46,35,26,23,38,67,91,100,95,83,68